pelicula_id,persona_id,rol_id
1,907,1
2,897,1
3,531,1
4,897,1
5,2759,1
6,2352,1
7,2398,1
8,2826,1
9,531,1
10,633,1
11,2352,1
12,2548,1
13,2714,1
14,2352,1
15,1730,1
16,1963,1
17,1187,1
18,2120,1
19,2919,1
20,342,1
21,2830,1
22,531,1
23,875,1
24,1097,1
25,2826,1
26,907,1
27,2550,1
28,633,1
29,1511,1
30,980,1
31,1983,1
32,40,1
33,906,1
34,2950,1
35,585,1
36,2258,1
37,531,1
38,1963,1
39,2570,1
40,2504,1
41,2981,1
42,394,1
43,1845,1
44,2562,1
45,1243,1
46,1017,1
47,1194,1
48,2548,1
49,2714,1
50,93,1
51,2058,1
52,464,1
53,464,1
54,2162,1
55,417,1
56,958,1
57,1884,1
58,2222,1
59,336,1
60,198,1
61,198,1
62,1762,1
63,2398,1
64,531,1
65,2417,1
66,2,1
67,150,1
68,885,1
69,462,1
70,531,1
71,1097,1
72,2714,1
73,2826,1
74,2802,1
75,897,1
76,2504,1
77,1143,1
78,40,1
79,2802,1
80,319,1
81,2802,1
82,93,1
83,319,1
84,464,1
85,2648,1
86,2410,1
87,2796,1
88,1343,1
89,2924,1
90,236,1
91,670,1
92,2026,1
93,410,1
94,2398,1
95,2088,1
96,1336,1
97,1064,1
98,619,1
99,2648,1
100,1056,1
101,1882,1
102,1468,1
103,2028,1
104,2398,1
105,2802,1
106,771,1
107,1243,1
108,2120,1
109,367,1
110,2496,1
111,3132,1
112,1963,1
113,988,1
114,2802,1
115,2802,1
116,2714,1
117,638,1
118,319,1
119,93,1
120,93,1
121,2799,1
122,40,1
123,3062,1
124,319,1
125,2265,1
126,932,1
127,932,1
128,464,1
129,2222,1
130,23,1
131,2385,1
132,2350,1
133,1960,1
134,2021,1
135,2626,1
136,2715,1
137,2221,1
138,3047,1
139,3194,1
140,2420,1
141,209,1
142,3048,1
143,2927,1
144,1547,1
145,957,1
146,1963,1
147,2341,1
148,1963,1
149,2741,1
150,2324,1
151,1052,1
152,1762,1
153,1263,1
154,2420,1
155,2670,1
156,531,1
157,240,1
158,2249,1
159,1097,1
160,2573,1
161,2392,1
162,1064,1
163,573,1
164,3149,1
165,2070,1
166,1963,1
167,2418,1
168,551,1
169,2826,1
170,811,1
171,1097,1
172,1478,1
173,40,1
174,1963,1
175,138,1
176,1179,1
177,2157,1
178,2430,1
179,2901,1
180,1494,1
181,2534,1
182,40,1
183,2801,1
184,319,1
185,1179,1
186,1179,1
187,1555,1
188,93,1
189,3147,1
190,40,1
191,1531,1
192,1466,1
193,838,1
194,464,1
195,405,1
196,459,1
197,164,1
198,2168,1
199,2263,1
200,462,1
201,3139,1
202,3061,1
203,1258,1
204,1774,1
205,584,1
206,2341,1
207,2239,1
208,2417,1
209,3017,1
210,3095,1
211,633,1
212,1889,1
213,2028,1
214,2341,1
215,208,1
216,2822,1
217,2573,1
218,1258,1
219,2962,1
220,2971,1
221,2831,1
222,3202,1
223,670,1
224,983,1
225,2189,1
226,551,1
227,651,1
228,3157,1
229,1737,1
230,15,1
231,654,1
232,2704,1
233,841,1
234,2417,1
235,551,1
236,2900,1
237,1314,1
238,2495,1
239,2417,1
240,342,1
241,859,1
242,2398,1
243,150,1
244,2826,1
245,70,1
246,2341,1
247,1127,1
248,240,1
249,1859,1
250,1017,1
251,2361,1
252,811,1
253,1423,1
254,1606,1
255,609,1
256,1423,1
257,811,1
258,1989,1
259,22,1
260,2495,1
261,1718,1
262,1606,1
263,2826,1
264,1395,1
265,1596,1
266,3155,1
267,2361,1
268,2515,1
269,2252,1
270,3127,1
271,1097,1
272,1439,1
273,54,1
274,3093,1
275,1179,1
276,2504,1
277,641,1
278,2902,1
279,2056,1
280,1452,1
281,2759,1
282,2802,1
283,138,1
284,2570,1
285,2344,1
286,1179,1
287,138,1
288,1339,1
289,2828,1
290,1179,1
291,138,1
292,1009,1
293,1852,1
294,2517,1
295,40,1
296,1449,1
297,138,1
298,1179,1
299,2801,1
300,904,1
301,3125,1
302,40,1
303,867,1
304,40,1
305,638,1
306,778,1
307,1111,1
308,319,1
309,2440,1
310,433,1
311,2076,1
312,838,1
313,93,1
314,906,1
315,3036,1
316,1322,1
317,906,1
318,424,1
319,464,1
320,856,1
321,553,1
322,2546,1
323,111,1
324,834,1
325,2411,1
326,1593,1
327,2189,1
328,585,1
329,942,1
330,2504,1
331,408,1
332,2626,1
333,1194,1
334,2808,1
335,3202,1
336,2189,1
337,680,1
338,940,1
339,2156,1
340,1254,1
341,670,1
342,2791,1
343,394,1
344,70,1
345,2808,1
346,1523,1
347,2960,1
348,2878,1
349,2935,1
350,236,1
351,209,1
352,3126,1
353,1608,1
354,1788,1
355,609,1
356,619,1
357,1523,1
358,1544,1
359,3054,1
360,1334,1
361,935,1
362,760,1
363,2308,1
364,1680,1
365,912,1
366,1564,1
367,2261,1
368,351,1
369,1957,1
370,2398,1
371,151,1
372,1680,1
373,69,1
374,2573,1
375,2212,1
376,144,1
377,1030,1
378,2932,1
379,351,1
380,1236,1
381,1735,1
382,3154,1
383,2493,1
384,2324,1
385,1735,1
386,641,1
387,2687,1
388,2924,1
389,3082,1
390,351,1
391,2918,1
392,314,1
393,2108,1
394,2901,1
395,1890,1
396,1119,1
397,1081,1
398,2883,1
399,1956,1
400,2572,1
401,2252,1
402,950,1
403,1671,1
404,2792,1
405,273,1
406,1637,1
407,2515,1
408,3127,1
409,1837,1
410,1097,1
411,1243,1
412,2474,1
413,40,1
414,1072,1
415,3136,1
416,2826,1
417,2759,1
418,2027,1
419,920,1
420,3113,1
421,1531,1
422,2344,1
423,2234,1
424,298,1
425,988,1
426,2570,1
427,920,1
428,2111,1
429,2111,1
430,2547,1
431,638,1
432,2714,1
433,867,1
434,1332,1
435,2538,1
436,867,1
437,1142,1
438,2271,1
439,2265,1
440,2477,1
441,83,1
442,2802,1
443,467,1
444,867,1
445,1111,1
446,319,1
447,3125,1
448,778,1
449,2198,1
450,2529,1
451,93,1
452,1231,1
453,638,1
454,2271,1
455,3125,1
456,906,1
457,1466,1
458,1449,1
459,3036,1
460,1322,1
461,3071,1
462,1791,1
463,2712,1
464,2467,1
465,2159,1
466,1130,1
467,2223,1
468,1846,1
469,1658,1
470,3095,1
471,2858,1
472,1992,1
473,1438,1
474,2858,1
475,587,1
476,2858,1
477,670,1
478,1207,1
479,2495,1
480,394,1
481,2239,1
482,2089,1
483,728,1
484,2063,1
485,1963,1
486,1230,1
487,733,1
488,2970,1
489,2194,1
490,619,1
491,1175,1
492,2495,1
493,569,1
494,1207,1
495,1960,1
496,2499,1
497,551,1
498,2876,1
499,157,1
500,3095,1
501,1334,1
502,521,1
503,1505,1
504,744,1
505,862,1
506,551,1
507,90,1
508,3155,1
509,2333,1
510,607,1
511,2744,1
512,728,1
513,857,1
514,90,1
515,415,1
516,641,1
517,1468,1
518,2324,1
519,3166,1
520,1761,1
521,2985,1
522,1718,1
523,3164,1
524,367,1
525,2932,1
526,1395,1
527,3136,1
528,367,1
529,3136,1
530,2901,1
531,2515,1
532,329,1
533,1467,1
534,3136,1
535,330,1
536,974,1
537,52,1
538,71,1
539,867,1
540,1852,1
541,3093,1
542,1072,1
543,920,1
544,2650,1
545,974,1
546,193,1
547,2234,1
548,2799,1
549,1450,1
550,2802,1
551,2092,1
552,47,1
553,453,1
554,1449,1
555,778,1
556,925,1
557,93,1
558,1118,1
559,990,1
560,93,1
561,1142,1
562,319,1
563,977,1
564,1142,1
565,2058,1
566,2656,1
567,2040,1
568,2948,1
569,856,1
570,1064,1
571,2021,1
572,618,1
573,236,1
574,531,1
575,2282,1
576,2911,1
577,2311,1
578,9,1
579,2992,1
580,2189,1
581,1664,1
582,1966,1
583,939,1
584,198,1
585,2398,1
586,1046,1
587,724,1
588,2001,1
589,236,1
590,2283,1
591,2509,1
592,2750,1
593,711,1
594,2480,1
595,956,1
596,1097,1
597,1540,1
598,1017,1
599,3095,1
600,654,1
601,16,1
602,2907,1
603,1342,1
604,633,1
605,2308,1
606,1367,1
607,854,1
608,342,1
609,1138,1
610,2352,1
611,2063,1
612,2209,1
613,4,1
614,2924,1
615,645,1
616,2378,1
617,1941,1
618,1438,1
619,2352,1
620,862,1
621,1421,1
622,2206,1
623,2504,1
624,1243,1
625,1227,1
626,2028,1
627,1510,1
628,744,1
629,633,1
630,3146,1
631,129,1
632,1421,1
633,2563,1
634,2687,1
635,1544,1
636,1258,1
637,2105,1
638,2199,1
639,3082,1
640,1855,1
641,2847,1
642,462,1
643,1677,1
644,2495,1
645,327,1
646,157,1
647,2333,1
648,2548,1
649,2998,1
650,2070,1
651,1416,1
652,139,1
653,1243,1
654,2865,1
655,146,1
656,633,1
657,1735,1
658,2932,1
659,1737,1
660,985,1
661,643,1
662,1255,1
663,2108,1
664,141,1
665,2524,1
666,1669,1
667,1499,1
668,1393,1
669,1718,1
670,1493,1
671,2515,1
672,2337,1
673,1097,1
674,760,1
675,1499,1
676,2548,1
677,54,1
678,1478,1
679,2651,1
680,1464,1
681,1393,1
682,2481,1
683,2826,1
684,1464,1
685,2565,1
686,1201,1
687,2366,1
688,1963,1
689,2826,1
690,2521,1
691,2899,1
692,551,1
693,1466,1
694,897,1
695,2460,1
696,925,1
697,2899,1
698,330,1
699,2029,1
700,1491,1
701,2892,1
702,2801,1
703,231,1
704,977,1
705,2543,1
706,1655,1
707,904,1
708,1213,1
709,1332,1
710,1142,1
711,1466,1
712,1142,1
713,93,1
714,1449,1
715,93,1
716,1142,1
717,1269,1
718,1776,1
719,1142,1
720,1269,1
721,90,1
722,899,1
723,640,1
724,2884,1
725,1519,1
726,528,1
727,1078,1
728,1354,1
729,1266,1
730,1260,1
731,2000,1
732,1537,1
733,91,1
734,70,1
735,7,1
736,10,1
737,871,1
738,198,1
739,1175,1
740,84,1
741,2471,1
742,1943,1
743,2981,1
744,3136,1
745,529,1
746,90,1
747,1207,1
748,443,1
749,633,1
750,2000,1
751,2950,1
752,2648,1
753,645,1
754,280,1
755,1899,1
756,651,1
757,1097,1
758,2573,1
759,2687,1
760,551,1
761,2515,1
762,1889,1
763,2755,1
764,2728,1
765,77,1
766,2841,1
767,1673,1
768,633,1
769,2315,1
770,515,1
771,201,1
772,2184,1
773,2325,1
774,157,1
775,1258,1
776,2309,1
777,2809,1
778,2308,1
779,350,1
780,2883,1
781,2775,1
782,2110,1
783,2985,1
784,1119,1
785,760,1
786,2354,1
787,3130,1
788,1395,1
789,1384,1
790,2791,1
791,2504,1
792,2648,1
793,2249,1
794,2810,1
795,1436,1
796,2825,1
797,3164,1
798,1423,1
799,331,1
800,2996,1
801,2107,1
802,2951,1
803,199,1
804,3095,1
805,69,1
806,2791,1
807,1256,1
808,1845,1
809,900,1
810,2110,1
811,2694,1
812,1044,1
813,1663,1
814,90,1
815,1606,1
816,2078,1
817,1678,1
818,2518,1
819,1511,1
820,370,1
821,2792,1
822,2070,1
823,1097,1
824,1250,1
825,2515,1
826,1503,1
827,1423,1
828,1423,1
829,2548,1
830,992,1
831,387,1
832,298,1
833,2826,1
834,1330,1
835,641,1
836,3136,1
837,1963,1
838,3136,1
839,2759,1
840,2197,1
841,2886,1
842,2536,1
843,1388,1
844,1097,1
845,1439,1
846,2570,1
847,3136,1
848,1534,1
849,2027,1
850,2759,1
851,2522,1
852,1432,1
853,3113,1
854,713,1
855,369,1
856,968,1
857,2517,1
858,1852,1
859,925,1
860,2570,1
861,574,1
862,1062,1
863,93,1
864,1204,1
865,2076,1
866,1494,1
867,995,1
868,713,1
869,2198,1
870,83,1
871,319,1
872,1449,1
873,2547,1
874,1466,1
875,471,1
876,1239,1
877,1269,1
878,2949,1
879,156,1
880,2398,1
881,151,1
882,2699,1
883,680,1
884,1899,1
885,3007,1
886,2709,1
887,672,1
888,1254,1
889,744,1
890,1530,1
891,2826,1
892,351,1
893,2572,1
894,670,1
895,2616,1
896,151,1
897,642,1
898,2811,1
899,1991,1
900,2263,1
901,940,1
902,628,1
903,1131,1
904,356,1
905,841,1
906,2841,1
907,2376,1
908,1512,1
909,2000,1
910,601,1
911,293,1
912,2333,1
913,2595,1
914,674,1
915,1064,1
916,1469,1
917,2962,1
918,935,1
919,630,1
920,2000,1
921,2971,1
922,2792,1
923,280,1
924,2257,1
925,2578,1
926,2192,1
927,2728,1
928,651,1
929,3190,1
930,3136,1
931,3190,1
932,146,1
933,1268,1
934,475,1
935,1043,1
936,3144,1
937,1336,1
938,2962,1
939,70,1
940,462,1
941,1898,1
942,2792,1
943,827,1
944,609,1
945,1696,1
946,3095,1
947,90,1
948,499,1
949,69,1
950,2885,1
951,1330,1
952,2826,1
953,2234,1
954,1971,1
955,2967,1
956,2899,1
957,2977,1
958,2901,1
959,2063,1
960,79,1
961,273,1
962,641,1
963,157,1
964,1478,1
965,1393,1
966,551,1
967,2573,1
968,1718,1
969,1426,1
970,2495,1
971,1513,1
972,1194,1
973,1897,1
974,499,1
975,897,1
976,2515,1
977,2572,1
978,652,1
979,1464,1
980,2481,1
981,1423,1
982,1945,1
983,983,1
984,3079,1
985,1251,1
986,713,1
987,1962,1
988,54,1
989,2826,1
990,2518,1
991,2714,1
992,369,1
993,3133,1
994,2092,1
995,2494,1
996,325,1
997,993,1
998,925,1
999,93,1
1000,93,1
1,2936,2
2,1952,2
3,513,2
4,45,2
5,1117,2
6,780,2
7,1495,2
8,1795,2
9,1781,2
10,355,2
11,780,2
12,2956,2
13,551,2
14,780,2
15,1803,2
16,2524,2
17,1940,2
18,1218,2
19,1805,2
20,1603,2
21,2839,2
22,1998,2
23,1632,2
24,627,2
25,2956,2
26,2956,2
27,2550,2
28,2154,2
29,1415,2
30,1940,2
31,2881,2
32,2990,2
33,1267,2
34,1413,2
35,2117,2
36,832,2
37,513,2
38,1781,2
39,26,2
40,2607,2
41,759,2
42,1679,2
43,1321,2
44,2514,2
45,225,2
46,2369,2
47,3000,2
48,2064,2
49,1117,2
50,196,2
51,1158,2
52,464,2
53,464,2
54,3191,2
55,824,2
56,2396,2
57,2625,2
58,2,2
59,2357,2
60,1420,2
61,1420,2
62,25,2
63,1274,2
64,513,2
65,2,2
66,115,2
67,281,2
68,3013,2
69,497,2
70,1063,2
71,3156,2
72,2524,2
73,1084,2
74,1218,2
75,1964,2
76,2763,2
77,2415,2
78,2990,2
79,2358,2
80,3009,2
81,1699,2
82,1267,2
83,3118,2
84,464,2
85,657,2
86,126,2
87,253,2
88,2141,2
89,1871,2
90,2332,2
91,1844,2
92,215,2
93,461,2
94,355,2
95,1390,2
96,243,2
97,1307,2
98,791,2
99,1679,2
100,2552,2
101,2140,2
102,2956,2
103,2028,2
104,1094,2
105,1999,2
106,74,2
107,2763,2
108,855,2
109,45,2
110,1940,2
111,1582,2
112,2524,2
113,2318,2
114,1885,2
115,1650,2
116,551,2
117,2355,2
118,1216,2
119,442,2
120,1267,2
121,966,2
122,2861,2
123,1729,2
124,923,2
125,2265,2
126,2353,2
127,376,2
128,464,2
129,2843,2
130,3034,2
131,3145,2
132,3043,2
133,893,2
134,1186,2
135,2383,2
136,430,2
137,33,2
138,1604,2
139,1770,2
140,859,2
141,1894,2
142,2412,2
143,1186,2
144,2469,2
145,2957,2
146,1781,2
147,337,2
148,1781,2
149,2722,2
150,597,2
151,1202,2
152,2956,2
153,1156,2
154,2,2
155,113,2
156,513,2
157,2722,2
158,390,2
159,489,2
160,2607,2
161,42,2
162,1299,2
163,1679,2
164,2711,2
165,45,2
166,2524,2
167,2,2
168,551,2
169,1084,2
170,653,2
171,1134,2
172,389,2
173,2881,2
174,2524,2
175,98,2
176,1180,2
177,197,2
178,2671,2
179,2902,2
180,2822,2
181,1045,2
182,2990,2
183,2790,2
184,1928,2
185,3038,2
186,2010,2
187,1324,2
188,2445,2
189,492,2
190,2990,2
191,301,2
192,1158,2
193,434,2
194,464,2
195,405,2
196,2226,2
197,2853,2
198,2139,2
199,1931,2
200,1687,2
201,178,2
202,2724,2
203,1151,2
204,375,2
205,617,2
206,1654,2
207,1076,2
208,2,2
209,2286,2
210,2423,2
211,280,2
212,212,2
213,142,2
214,2576,2
215,2435,2
216,493,2
217,595,2
218,1990,2
219,1944,2
220,646,2
221,3041,2
222,1144,2
223,1151,2
224,2957,2
225,207,2
226,551,2
227,603,2
228,1982,2
229,2487,2
230,2975,2
231,510,2
232,803,2
233,1423,2
234,2669,2
235,1129,2
236,709,2
237,1291,2
238,842,2
239,2669,2
240,1603,2
241,2,2
242,3016,2
243,1762,2
244,1781,2
245,806,2
246,647,2
247,1644,2
248,2,2
249,389,2
250,2937,2
251,1390,2
252,259,2
253,841,2
254,2978,2
255,851,2
256,841,2
257,2387,2
258,3052,2
259,2722,2
260,842,2
261,1183,2
262,377,2
263,2649,2
264,597,2
265,1785,2
266,1029,2
267,2552,2
268,3100,2
269,477,2
270,1087,2
271,2833,2
272,1721,2
273,332,2
274,1707,2
275,300,2
276,1084,2
277,194,2
278,1037,2
279,2524,2
280,2848,2
281,865,2
282,2619,2
283,1912,2
284,1218,2
285,2619,2
286,1083,2
287,2180,2
288,46,2
289,2318,2
290,303,2
291,128,2
292,359,2
293,2764,2
294,301,2
295,2990,2
296,1267,2
297,750,2
298,2010,2
299,2790,2
300,1337,2
301,481,2
302,2990,2
303,1015,2
304,2990,2
305,3118,2
306,1952,2
307,3182,2
308,1699,2
309,1242,2
310,2265,2
311,801,2
312,1909,2
313,1747,2
314,1267,2
315,977,2
316,1318,2
317,544,2
318,1915,2
319,464,2
320,984,2
321,405,2
322,3094,2
323,253,2
324,3109,2
325,42,2
326,2645,2
327,42,2
328,2617,2
329,681,2
330,1990,2
331,2471,2
332,2383,2
333,494,2
334,1228,2
335,3046,2
336,42,2
337,375,2
338,1171,2
339,289,2
340,508,2
341,1084,2
342,1413,2
343,2431,2
344,1781,2
345,1826,2
346,3072,2
347,557,2
348,812,2
349,2621,2
350,1028,2
351,8,2
352,721,2
353,2722,2
354,824,2
355,1842,2
356,2177,2
357,3072,2
358,2526,2
359,1938,2
360,1998,2
361,3108,2
362,1781,2
363,1990,2
364,2720,2
365,2398,2
366,1741,2
367,460,2
368,1278,2
369,596,2
370,3016,2
371,3068,2
372,1680,2
373,1308,2
374,2607,2
375,2388,2
376,53,2
377,1501,2
378,851,2
379,567,2
380,2856,2
381,2207,2
382,2261,2
383,1237,2
384,2954,2
385,324,2
386,2486,2
387,1581,2
388,3014,2
389,874,2
390,775,2
391,2928,2
392,314,2
393,2941,2
394,389,2
395,241,2
396,611,2
397,308,2
398,583,2
399,45,2
400,1480,2
401,1671,2
402,1700,2
403,1671,2
404,608,2
405,734,2
406,2137,2
407,441,2
408,390,2
409,951,2
410,2016,2
411,225,2
412,286,2
413,2881,2
414,2358,2
415,3136,2
416,2594,2
417,45,2
418,970,2
419,2822,2
420,791,2
421,1747,2
422,2939,2
423,2987,2
424,1331,2
425,2318,2
426,2046,2
427,481,2
428,734,2
429,789,2
430,1568,2
431,2259,2
432,551,2
433,1902,2
434,172,2
435,2318,2
436,1902,2
437,1497,2
438,1267,2
439,481,2
440,789,2
441,402,2
442,2817,2
443,2532,2
444,197,2
445,2767,2
446,3118,2
447,1045,2
448,3064,2
449,1158,2
450,676,2
451,1267,2
452,2532,2
453,457,2
454,969,2
455,2161,2
456,442,2
457,1158,2
458,1117,2
459,977,2
460,1901,2
461,3121,2
462,1789,2
463,72,2
464,596,2
465,2843,2
466,1804,2
467,14,2
468,221,2
469,1741,2
470,393,2
471,2649,2
472,3043,2
473,873,2
474,503,2
475,1237,2
476,2568,2
477,118,2
478,579,2
479,842,2
480,2298,2
481,2158,2
482,1317,2
483,2954,2
484,1331,2
485,2524,2
486,2857,2
487,2653,2
488,1609,2
489,2729,2
490,2103,2
491,2724,2
492,790,2
493,125,2
494,507,2
495,556,2
496,639,2
497,1660,2
498,1758,2
499,2838,2
500,976,2
501,2087,2
502,1001,2
503,2526,2
504,2765,2
505,323,2
506,2704,2
507,603,2
508,1386,2
509,2585,2
510,361,2
511,2889,2
512,919,2
513,2469,2
514,1566,2
515,316,2
516,2169,2
517,237,2
518,1948,2
519,3158,2
520,2457,2
521,517,2
522,1575,2
523,1710,2
524,45,2
525,1501,2
526,597,2
527,1959,2
528,1671,2
529,2046,2
530,1514,2
531,2515,2
532,2343,2
533,1429,2
534,3136,2
535,2594,2
536,632,2
537,734,2
538,71,2
539,1873,2
540,876,2
541,1707,2
542,2611,2
543,975,2
544,3118,2
545,732,2
546,2355,2
547,2760,2
548,442,2
549,917,2
550,1699,2
551,934,2
552,816,2
553,481,2
554,1497,2
555,1246,2
556,944,2
557,861,2
558,1267,2
559,747,2
560,442,2
561,1158,2
562,2445,2
563,442,2
564,442,2
565,3120,2
566,746,2
567,835,2
568,3074,2
569,2009,2
570,1998,2
571,95,2
572,2511,2
573,2723,2
574,881,2
575,1016,2
576,2872,2
577,288,2
578,2724,2
579,479,2
580,2843,2
581,445,2
582,2566,2
583,869,2
584,1420,2
585,2663,2
586,2673,2
587,1154,2
588,309,2
589,296,2
590,2976,2
591,1186,2
592,253,2
593,512,2
594,704,2
595,2794,2
596,1127,2
597,2956,2
598,973,2
599,1295,2
600,1310,2
601,513,2
602,2859,2
603,1754,2
604,596,2
605,2956,2
606,3134,2
607,2242,2
608,1160,2
609,1692,2
610,1167,2
611,516,2
612,2073,2
613,742,2
614,1871,2
615,1948,2
616,1795,2
617,234,2
618,1021,2
619,1958,2
620,260,2
621,1651,2
622,2617,2
623,678,2
624,2657,2
625,1296,2
626,1002,2
627,3021,2
628,2765,2
629,355,2
630,2722,2
631,3014,2
632,1651,2
633,194,2
634,2749,2
635,2183,2
636,1413,2
637,137,2
638,963,2
639,937,2
640,2245,2
641,2093,2
642,1764,2
643,1391,2
644,842,2
645,678,2
646,3178,2
647,455,2
648,2956,2
649,3109,2
650,2607,2
651,1237,2
652,3033,2
653,1781,2
654,2865,2
655,842,2
656,2059,2
657,810,2
658,1501,2
659,1501,2
660,1672,2
661,2955,2
662,194,2
663,648,2
664,1084,2
665,2524,2
666,349,2
667,3178,2
668,3128,2
669,1183,2
670,570,2
671,1241,2
672,2524,2
673,1702,2
674,1994,2
675,3178,2
676,2064,2
677,965,2
678,225,2
679,382,2
680,1994,2
681,2968,2
682,2698,2
683,612,2
684,807,2
685,2655,2
686,308,2
687,2654,2
688,2524,2
689,1120,2
690,734,2
691,2487,2
692,551,2
693,2702,2
694,965,2
695,268,2
696,755,2
697,1964,2
698,1822,2
699,970,2
700,734,2
701,242,2
702,2790,2
703,3086,2
704,242,2
705,1568,2
706,145,2
707,1341,2
708,660,2
709,1335,2
710,232,2
711,1158,2
712,1158,2
713,2895,2
714,1497,2
715,1908,2
716,1626,2
717,346,2
718,1050,2
719,2498,2
720,555,2
721,3142,2
722,1543,2
723,2621,2
724,1653,2
725,599,2
726,2954,2
727,2567,2
728,2858,2
729,1131,2
730,742,2
731,557,2
732,2725,2
733,2921,2
734,2066,2
735,1751,2
736,112,2
737,3026,2
738,1420,2
739,2435,2
740,384,2
741,1435,2
742,1345,2
743,26,2
744,2274,2
745,2364,2
746,2665,2
747,507,2
748,12,2
749,1379,2
750,1262,2
751,3185,2
752,596,2
753,356,2
754,280,2
755,3201,2
756,603,2
757,446,2
758,910,2
759,2023,2
760,160,2
761,1868,2
762,2505,2
763,2879,2
764,2923,2
765,96,2
766,1871,2
767,1262,2
768,1237,2
769,1541,2
770,686,2
771,2652,2
772,408,2
773,420,2
774,1237,2
775,2607,2
776,709,2
777,2809,2
778,1990,2
779,513,2
780,1274,2
781,308,2
782,603,2
783,678,2
784,580,2
785,2954,2
786,766,2
787,595,2
788,2278,2
789,2704,2
790,2205,2
791,1541,2
792,2956,2
793,2155,2
794,1271,2
795,1436,2
796,976,2
797,147,2
798,841,2
799,1259,2
800,2996,2
801,2574,2
802,1280,2
803,678,2
804,1305,2
805,751,2
806,1446,2
807,1218,2
808,389,2
809,2913,2
810,45,2
811,973,2
812,2487,2
813,1663,2
814,1797,2
815,1778,2
816,1986,2
817,372,2
818,130,2
819,2956,2
820,2055,2
821,678,2
822,597,2
823,2754,2
824,45,2
825,2954,2
826,1631,2
827,841,2
828,841,2
829,334,2
830,297,2
831,2484,2
832,1472,2
833,513,2
834,2702,2
835,1191,2
836,2046,2
837,1048,2
838,3136,2
839,2318,2
840,3123,2
841,2848,2
842,717,2
843,652,2
844,3148,2
845,716,2
846,2570,2
847,3136,2
848,3081,2
849,548,2
850,45,2
851,385,2
852,1508,2
853,965,2
854,551,2
855,2478,2
856,1216,2
857,1757,2
858,447,2
859,2323,2
860,447,2
861,2798,2
862,2702,2
863,2556,2
864,1045,2
865,1618,2
866,3176,2
867,2375,2
868,1674,2
869,1246,2
870,67,2
871,1158,2
872,1497,2
873,2080,2
874,1158,2
875,2508,2
876,2661,2
877,545,2
878,1944,2
879,1444,2
880,1781,2
881,1979,2
882,379,2
883,2050,2
884,502,2
885,2081,2
886,1727,2
887,1053,2
888,508,2
889,188,2
890,1538,2
891,2956,2
892,567,2
893,1480,2
894,808,2
895,2050,2
896,76,2
897,507,2
898,1551,2
899,947,2
900,1521,2
901,1171,2
902,1237,2
903,119,2
904,1726,2
905,1423,2
906,2106,2
907,509,2
908,1529,2
909,5,2
910,1854,2
911,355,2
912,205,2
913,1379,2
914,1583,2
915,2526,2
916,2399,2
917,2492,2
918,3108,2
919,2169,2
920,473,2
921,2229,2
922,678,2
923,2154,2
924,1932,2
925,1386,2
926,759,2
927,2278,2
928,603,2
929,999,2
930,2689,2
931,1225,2
932,2205,2
933,441,2
934,2368,2
935,358,2
936,1051,2
937,243,2
938,2349,2
939,2704,2
940,1603,2
941,1501,2
942,759,2
943,1205,2
944,538,2
945,2879,2
946,965,2
947,1921,2
948,603,2
949,2207,2
950,1501,2
951,1550,2
952,2954,2
953,678,2
954,513,2
955,919,2
956,1391,2
957,269,2
958,1501,2
959,2842,2
960,2600,2
961,2524,2
962,312,2
963,813,2
964,389,2
965,1501,2
966,551,2
967,2956,2
968,3196,2
969,2059,2
970,1301,2
971,1419,2
972,2113,2
973,1336,2
974,1861,2
975,45,2
976,317,2
977,1480,2
978,1786,2
979,2821,2
980,2028,2
981,841,2
982,1626,2
983,2028,2
984,2052,2
985,1392,2
986,551,2
987,1463,2
988,352,2
989,2483,2
990,796,2
991,2555,2
992,551,2
993,2363,2
994,635,2
995,1471,2
996,242,2
997,789,2
998,402,2
999,2869,2
1000,2525,2
1,2154,2
2,45,2
3,1099,2
4,2524,2
5,1756,2
6,3043,2
7,3016,2
8,2423,2
9,1529,2
10,759,2
11,1167,2
12,2553,2
13,777,2
14,1167,2
15,1645,2
16,2444,2
17,1084,2
18,1840,2
19,2371,2
20,1760,2
21,1870,2
22,179,2
23,87,2
24,2846,2
25,1990,2
26,2057,2
27,2208,2
28,355,2
29,194,2
30,1084,2
31,39,2
32,2861,2
33,720,2
34,2524,2
35,1208,2
36,902,2
37,1151,2
38,1990,2
39,2920,2
40,1413,2
41,756,2
42,933,2
43,947,2
44,1994,2
45,1809,2
46,821,2
47,250,2
48,527,2
49,463,2
50,1290,2
51,1180,2
52,2328,2
53,3059,2
54,3163,2
55,461,2
56,1870,2
57,2147,2
58,2638,2
59,2559,2
60,2526,2
61,2526,2
62,192,2
63,520,2
64,2957,2
65,1870,2
66,622,2
67,782,2
68,1967,2
69,3161,2
70,438,2
71,3180,2
72,1270,2
73,1611,2
74,2734,2
75,1952,2
76,2966,2
77,113,2
78,3181,2
79,975,2
80,1951,2
81,2425,2
82,1034,2
83,1025,2
84,2328,2
85,981,2
86,20,2
87,2854,2
88,2019,2
89,2916,2
90,1766,2
91,2035,2
92,2220,2
93,877,2
94,686,2
95,1625,2
96,1989,2
97,355,2
98,1296,2
99,182,2
100,1990,2
101,109,2
102,2930,2
103,2787,2
104,2937,2
105,2400,2
106,2248,2
107,2054,2
108,2961,2
109,2097,2
110,1084,2
111,1123,2
112,1415,2
113,2536,2
114,2295,2
115,946,2
116,1763,2
117,67,2
118,2747,2
119,846,2
120,1688,2
121,966,2
122,2225,2
123,822,2
124,264,2
125,1527,2
126,794,2
127,92,2
128,748,2
129,2751,2
130,2286,2
131,2795,2
132,1878,2
133,3137,2
134,1712,2
135,2434,2
136,1305,2
137,2753,2
138,2419,2
139,797,2
140,2781,2
141,2472,2
142,2575,2
143,1880,2
144,2779,2
145,2202,2
146,809,2
147,753,2
148,1509,2
149,3042,2
150,2304,2
151,217,2
152,2930,2
153,2177,2
154,2776,2
155,2437,2
156,2055,2
157,959,2
158,85,2
159,2867,2
160,737,2
161,2836,2
162,682,2
163,2607,2
164,3010,2
165,2524,2
166,2732,2
167,2645,2
168,965,2
169,2702,2
170,345,2
171,2231,2
172,56,2
173,41,2
174,450,2
175,73,2
176,1821,2
177,1185,2
178,683,2
179,1037,2
180,1252,2
181,1479,2
182,764,2
183,402,2
184,2979,2
185,303,2
186,1054,2
187,423,2
188,1034,2
189,490,2
190,1863,2
191,177,2
192,3080,2
193,1211,2
194,1864,2
195,1630,2
196,19,2
197,113,2
198,2674,2
199,124,2
200,1580,2
201,200,2
202,2854,2
203,2298,2
204,1228,2
205,1917,2
206,1274,2
207,2033,2
208,210,2
209,42,2
210,855,2
211,2582,2
212,2860,2
213,2657,2
214,119,2
215,2393,2
216,2067,2
217,503,2
218,513,2
219,2066,2
220,364,2
221,2285,2
222,859,2
223,1237,2
224,479,2
225,2172,2
226,278,2
227,814,2
228,2624,2
229,1405,2
230,2368,2
231,1310,2
232,3051,2
233,2973,2
234,226,2
235,551,2
236,2788,2
237,3134,2
238,1570,2
239,226,2
240,1689,2
241,2636,2
242,629,2
243,59,2
244,2956,2
245,937,2
246,1762,2
247,2024,2
248,2409,2
249,1073,2
250,2394,2
251,737,2
252,2793,2
253,1345,2
254,1874,2
255,852,2
256,3115,2
257,1749,2
258,1145,2
259,1598,2
260,1570,2
261,1331,2
262,2864,2
263,1738,2
264,2342,2
265,872,2
266,1401,2
267,2540,2
268,2510,2
269,2953,2
270,2173,2
271,1881,2
272,3102,2
273,519,2
274,547,2
275,2339,2
276,2610,2
277,1465,2
278,1445,2
279,535,2
280,2868,2
281,3118,2
282,1934,2
283,880,2
284,865,2
285,2882,2
286,1821,2
287,718,2
288,903,2
289,979,2
290,1821,2
291,1200,2
292,1320,2
293,1229,2
294,1407,2
295,2881,2
296,1497,2
297,2213,2
298,322,2
299,929,2
300,61,2
301,1214,2
302,2131,2
303,903,2
304,2125,2
305,67,2
306,1617,2
307,470,2
308,1279,2
309,3060,2
310,1527,2
311,202,2
312,1267,2
313,1409,2
314,1316,2
315,2656,2
316,699,2
317,546,2
318,843,2
319,2042,2
320,1289,2
321,405,2
322,560,2
323,2187,2
324,1567,2
325,2217,2
326,1090,2
327,610,2
328,812,2
329,2207,2
330,1381,2
331,1294,2
332,2434,2
333,1241,2
334,2274,2
335,2164,2
336,207,2
337,921,2
338,3150,2
339,1651,2
340,3049,2
341,2617,2
342,118,2
343,1849,2
344,2957,2
345,814,2
346,1182,2
347,973,2
348,3058,2
349,2153,2
350,2723,2
351,1880,2
352,2766,2
353,1598,2
354,2045,2
355,681,2
356,2115,2
357,132,2
358,502,2
359,486,2
360,1359,2
361,2908,2
362,700,2
363,743,2
364,1101,2
365,2537,2
366,1988,2
367,2276,2
368,354,2
369,845,2
370,629,2
371,1199,2
372,3152,2
373,279,2
374,2463,2
375,2722,2
376,154,2
377,973,2
378,60,2
379,2663,2
380,1578,2
381,2303,2
382,3154,2
383,1355,2
384,1304,2
385,447,2
386,2768,2
387,2468,2
388,1109,2
389,3057,2
390,1085,2
391,1277,2
392,735,2
393,362,2
394,1867,2
395,1169,2
396,511,2
397,130,2
398,1377,2
399,504,2
400,2696,2
401,947,2
402,2279,2
403,1973,2
404,2270,2
405,2954,2
406,2237,2
407,1892,2
408,2780,2
409,2441,2
410,1649,2
411,1809,2
412,1456,2
413,3001,2
414,2747,2
415,685,2
416,2541,2
417,1443,2
418,1869,2
419,734,2
420,2010,2
421,2055,2
422,1345,2
423,2232,2
424,2803,2
425,2536,2
426,1441,2
427,2557,2
428,176,2
429,2478,2
430,532,2
431,1569,2
432,1006,2
433,187,2
434,2629,2
435,1226,2
436,165,2
437,655,2
438,1759,2
439,2265,2
440,2318,2
441,2979,2
442,554,2
443,2735,2
444,1015,2
445,3027,2
446,714,2
447,242,2
448,1952,2
449,1023,2
450,67,2
451,1447,2
452,1285,2
453,2994,2
454,591,2
455,591,2
456,2389,2
457,1969,2
458,1282,2
459,2043,2
460,2228,2
461,2161,2
462,1839,2
463,3067,2
464,502,2
465,2668,2
466,2639,2
467,2689,2
468,2938,2
469,626,2
470,1715,2
471,1562,2
472,981,2
473,31,2
474,2959,2
475,2461,2
476,2925,2
477,1369,2
478,1433,2
479,1570,2
480,1167,2
481,3154,2
482,296,2
483,808,2
484,816,2
485,45,2
486,2210,2
487,1679,2
488,1806,2
489,637,2
490,1936,2
491,1610,2
492,2289,2
493,1742,2
494,3188,2
495,364,2
496,2986,2
497,1643,2
498,452,2
499,1186,2
500,2044,2
501,1900,2
502,901,2
503,1068,2
504,2200,2
505,2756,2
506,2936,2
507,814,2
508,2978,2
509,1309,2
510,2459,2
511,1132,2
512,1990,2
513,953,2
514,552,2
515,2292,2
516,1739,2
517,1762,2
518,1566,2
519,1196,2
520,2888,2
521,2289,2
522,3196,2
523,802,2
524,2704,2
525,3128,2
526,363,2
527,3136,2
528,2702,2
529,689,2
530,1685,2
531,2071,2
532,2032,2
533,586,2
534,685,2
535,1382,2
536,1656,2
537,2536,2
538,1140,2
539,392,2
540,665,2
541,2615,2
542,396,2
543,1617,2
544,836,2
545,1553,2
546,1626,2
547,2555,2
548,242,2
549,1746,2
550,1747,2
551,2150,2
552,763,2
553,3176,2
554,1351,2
555,2448,2
556,1034,2
557,2545,2
558,3074,2
559,2003,2
560,1180,2
561,1743,2
562,1287,2
563,1626,2
564,2581,2
565,839,2
566,1050,2
567,864,2
568,1767,2
569,82,2
570,474,2
571,3034,2
572,2253,2
573,2873,2
574,272,2
575,171,2
576,2243,2
577,1150,2
578,95,2
579,229,2
580,1681,2
581,2100,2
582,1836,2
583,695,2
584,502,2
585,1721,2
586,814,2
587,730,2
588,1174,2
589,2857,2
590,429,2
591,2217,2
592,3143,2
593,2620,2
594,2403,2
595,21,2
596,1128,2
597,2930,2
598,1396,2
599,1607,2
600,446,2
601,2819,2
602,3168,2
603,497,2
604,2579,2
605,266,2
606,2630,2
607,562,2
608,3134,2
609,1580,2
610,1958,2
611,837,2
612,2227,2
613,80,2
614,2916,2
615,513,2
616,1875,2
617,648,2
618,1949,2
619,1167,2
620,2238,2
621,1262,2
622,419,2
623,2607,2
624,3200,2
625,2680,2
626,2439,2
627,2819,2
628,2200,2
629,446,2
630,2388,2
631,1871,2
632,1997,2
633,687,2
634,2988,2
635,1010,2
636,2451,2
637,1114,2
638,1252,2
639,2560,2
640,233,2
641,1329,2
642,1754,2
643,1063,2
644,2995,2
645,3106,2
646,2101,2
647,1935,2
648,1103,2
649,2703,2
650,45,2
651,500,2
652,2109,2
653,1625,2
654,1641,2
655,3016,2
656,659,2
657,2805,2
658,1959,2
659,1781,2
660,1721,2
661,2112,2
662,813,2
663,1784,2
664,2973,2
665,483,2
666,916,2
667,2978,2
668,963,2
669,3129,2
670,1745,2
671,1631,2
672,2552,2
673,2122,2
674,678,2
675,614,2
676,527,2
677,3109,2
678,425,2
679,2676,2
680,57,2
681,1473,2
682,1538,2
683,3098,2
684,1549,2
685,1071,2
686,586,2
687,2692,2
688,1372,2
689,731,2
690,2044,2
691,378,2
692,2782,2
693,2055,2
694,1443,2
695,1358,2
696,2891,2
697,2768,2
698,2085,2
699,1210,2
700,1508,2
701,50,2
702,2760,2
703,865,2
704,2465,2
705,692,2
706,1003,2
707,2269,2
708,2362,2
709,1323,2
710,1497,2
711,757,2
712,1743,2
713,1527,2
714,543,2
715,2079,2
716,442,2
717,799,2
718,1082,2
719,2317,2
720,1872,2
721,1929,2
722,68,2
723,1538,2
724,1369,2
725,104,2
726,1116,2
727,257,2
728,1354,2
729,2675,2
730,869,2
731,2875,2
732,188,2
733,2512,2
734,3185,2
735,18,2
736,2843,2
737,1427,2
738,502,2
739,2171,2
740,3105,2
741,1217,2
742,1865,2
743,518,2
744,2403,2
745,508,2
746,976,2
747,3188,2
748,815,2
749,142,2
750,2061,2
751,356,2
752,1308,2
753,1361,2
754,393,2
755,1529,2
756,814,2
757,1990,2
758,2082,2
759,2988,2
760,558,2
761,414,2
762,2866,2
763,1662,2
764,2812,2
765,704,2
766,2761,2
767,890,2
768,2526,2
769,286,2
770,294,2
771,2659,2
772,1891,2
773,2707,2
774,1099,2
775,513,2
776,2665,2
777,3073,2
778,919,2
779,1360,2
780,2452,2
781,2689,2
782,814,2
783,535,2
784,2897,2
785,1660,2
786,726,2
787,1635,2
788,2659,2
789,2097,2
790,2044,2
791,851,2
792,3006,2
793,514,2
794,1574,2
795,2129,2
796,355,2
797,1482,2
798,976,2
799,947,2
800,1993,2
801,1356,2
802,1507,2
803,842,2
804,308,2
805,2336,2
806,416,2
807,1103,2
808,2119,2
809,1232,2
810,1501,2
811,222,2
812,1740,2
813,1569,2
814,768,2
815,2098,2
816,1986,2
817,1344,2
818,1566,2
819,678,2
820,1667,2
821,158,2
822,1867,2
823,2952,2
824,1216,2
825,1218,2
826,1383,2
827,1496,2
828,933,2
829,527,2
830,964,2
831,2314,2
832,1406,2
833,1475,2
834,517,2
835,1723,2
836,1347,2
837,2583,2
838,2046,2
839,480,2
840,1780,2
841,368,2
842,1976,2
843,1375,2
844,765,2
845,1275,2
846,1192,2
847,685,2
848,2541,2
849,970,2
850,1483,2
851,1490,2
852,403,2
853,2594,2
854,148,2
855,551,2
856,3081,2
857,836,2
858,1326,2
859,3092,2
860,1165,2
861,1214,2
862,1005,2
863,2944,2
864,2532,2
865,174,2
866,2822,2
867,97,2
868,592,2
869,2178,2
870,2358,2
871,242,2
872,2003,2
873,2291,2
874,1626,2
875,1022,2
876,889,2
877,1024,2
878,179,2
879,661,2
880,355,2
881,75,2
882,365,2
883,1274,2
884,2017,2
885,3189,2
886,927,2
887,701,2
888,3200,2
889,1504,2
890,2117,2
891,1946,2
892,1136,2
893,711,2
894,1538,2
895,2848,2
896,774,2
897,282,2
898,2820,2
899,1666,2
900,1155,2
901,127,2
902,2075,2
903,2127,2
904,356,2
905,1345,2
906,2997,2
907,2819,2
908,2718,2
909,2205,2
910,62,2
911,2553,2
912,773,2
913,812,2
914,927,2
915,1550,2
916,2665,2
917,1069,2
918,2584,2
919,3043,2
920,540,2
921,847,2
922,552,2
923,737,2
924,2851,2
925,1792,2
926,1380,2
927,949,2
928,814,2
929,1772,2
930,1515,2
931,2299,2
932,842,2
933,1765,2
934,2659,2
935,1529,2
936,1932,2
937,952,2
938,2290,2
939,291,2
940,2742,2
941,1625,2
942,274,2
943,239,2
944,2170,2
945,36,2
946,1068,2
947,937,2
948,2605,2
949,524,2
950,2336,2
951,737,2
952,556,2
953,3032,2
954,1588,2
955,2155,2
956,2704,2
957,2123,2
958,291,2
959,3013,2
960,1682,2
961,1670,2
962,2289,2
963,1625,2
964,1368,2
965,945,2
966,2044,2
967,311,2
968,1570,2
969,2527,2
970,3101,2
971,1936,2
972,2991,2
973,1923,2
974,1419,2
975,685,2
976,2020,2
977,1414,2
978,2390,2
979,1437,2
980,612,2
981,1455,2
982,1117,2
983,388,2
984,1265,2
985,915,2
986,2296,2
987,1465,2
988,1184,2
989,904,2
990,2219,2
991,1244,2
992,2887,2
993,2706,2
994,3023,2
995,2313,2
996,986,2
997,2554,2
998,2151,2
999,1462,2
1000,1866,2
1,333,2
2,1241,2
3,3,2
4,2527,2
5,1955,2
6,1167,2
7,2663,2
8,286,2
9,795,2
10,2018,2
11,2264,2
12,948,2
13,1763,2
14,3043,2
15,1745,2
16,1419,2
17,436,2
18,2053,2
19,1787,2
20,496,2
21,2286,2
22,1381,2
23,1753,2
24,2139,2
25,2965,2
26,644,2
27,1013,2
28,1679,2
29,1748,2
30,436,2
31,2740,2
32,1648,2
33,1815,2
34,3195,2
35,2034,2
36,2260,2
37,2689,2
38,1218,2
39,908,2
40,559,2
41,302,2
42,483,2
43,2177,2
44,1368,2
45,756,2
46,203,2
47,35,2
48,1752,2
49,547,2
50,3028,2
51,2310,2
52,1115,2
53,883,2
54,340,2
55,1195,2
56,3045,2
57,2623,2
58,863,2
59,2726,2
60,502,2
61,503,2
62,937,2
63,1781,2
64,179,2
65,2146,2
66,2,2
67,1348,2
68,2707,2
69,1602,2
70,1418,2
71,3175,2
72,788,2
73,2306,2
74,615,2
75,2527,2
76,1465,2
77,2834,2
78,2881,2
79,2817,2
80,467,2
81,24,2
82,3090,2
83,833,2
84,1219,2
85,600,2
86,2777,2
87,2408,2
88,238,2
89,185,2
90,2684,2
91,2011,2
92,671,2
93,1157,2
94,776,2
95,2969,2
96,2599,2
97,291,2
98,1357,2
99,2926,2
100,280,2
101,258,2
102,712,2
103,2296,2
104,2069,2
105,3053,2
106,1820,2
107,437,2
108,786,2
109,2824,2
110,436,2
111,1708,2
112,575,2
113,2541,2
114,2051,2
115,3124,2
116,1006,2
117,197,2
118,923,2
119,1261,2
120,261,2
121,715,2
122,2743,2
123,1796,2
124,757,2
125,725,2
126,1178,2
127,1058,2
128,1224,2
129,3025,2
130,2142,2
131,2428,2
132,1808,2
133,2653,2
134,2188,2
135,211,2
136,1208,2
137,2854,2
138,1817,2
139,1012,2
140,2331,2
141,2185,2
142,1893,2
143,2414,2
144,2277,2
145,1424,2
146,1944,2
147,1518,2
148,1913,2
149,2633,2
150,537,2
151,2713,2
152,1408,2
153,2604,2
154,2757,2
155,2736,2
156,1660,2
157,1705,2
158,3012,2
159,2880,2
160,1357,2
161,2286,2
162,2201,2
163,1063,2
164,2716,2
165,3018,2
166,1419,2
167,2443,2
168,2154,2
169,100,2
170,1823,2
171,491,2
172,343,2
173,1402,2
174,1419,2
175,128,2
176,1773,2
177,2049,2
178,113,2
179,1445,2
180,2474,2
181,914,2
182,2881,2
183,2501,2
184,1216,2
185,1181,2
186,290,2
187,2531,2
188,2523,2
189,2774,2
190,1985,2
191,989,2
192,2933,2
193,2542,2
194,2963,2
195,1417,2
196,1843,2
197,1704,2
198,213,2
199,1521,2
200,495,2
201,2845,2
202,2751,2
203,577,2
204,2701,2
205,2149,2
206,2942,2
207,667,2
208,2669,2
209,2136,2
210,1988,2
211,2193,2
212,1092,2
213,1856,2
214,306,2
215,1172,2
216,2061,2
217,2255,2
218,1504,2
219,2403,2
220,1816,2
221,1177,2
222,8,2
223,3058,2
224,2196,2
225,1398,2
226,523,2
227,2605,2
228,3001,2
229,444,2
230,825,2
231,999,2
232,448,2
233,1308,2
234,3041,2
235,2154,2
236,1413,2
237,844,2
238,3030,2
239,1036,2
240,2561,2
241,43,2
242,623,2
243,793,2
244,535,2
245,1033,2
246,317,2
247,2023,2
248,1036,2
249,2975,2
250,2031,2
251,1740,2
252,360,2
253,1457,2
254,2379,2
255,1517,2
256,893,2
257,2130,2
258,2635,2
259,116,2
260,134,2
261,928,2
262,2978,2
263,1349,2
264,99,2
265,1029,2
266,2637,2
267,842,2
268,561,2
269,3109,2
270,656,2
271,1133,2
272,1652,2
273,1257,2
274,1522,2
275,1717,2
276,2705,2
277,176,2
278,2074,2
279,1443,2
280,404,2
281,2351,2
282,2295,2
283,1170,2
284,1466,2
285,1869,2
286,1613,2
287,1584,2
288,2182,2
289,2827,2
290,1911,2
291,2214,2
292,3141,2
293,820,2
294,3035,2
295,1647,2
296,3028,2
297,3019,2
298,1055,2
299,966,2
300,541,2
301,2807,2
302,2125,2
303,891,2
304,1197,2
305,1214,2
306,1756,2
307,2360,2
308,2520,2
309,745,2
310,97,2
311,1937,2
312,913,2
313,989,2
314,545,2
315,544,2
316,2377,2
317,3077,2
318,131,2
319,44,2
320,1907,2
321,1933,2
322,931,2
323,938,2
324,526,2
325,1719,2
326,2185,2
327,2434,2
328,2588,2
329,2579,2
330,1716,2
331,1011,2
332,2433,2
333,1974,2
334,1203,2
335,2438,2
336,1894,2
337,1453,2
338,219,2
339,1996,2
340,356,2
341,122,2
342,2689,2
343,1067,2
344,3107,2
345,853,2
346,132,2
347,1104,2
348,2243,2
349,2852,2
350,2873,2
351,1600,2
352,2770,2
353,2733,2
354,1173,2
355,930,2
356,3052,2
357,411,2
358,2689,2
359,447,2
360,1296,2
361,1233,2
362,1357,2
363,1405,2
364,1162,2
365,2103,2
366,817,2
367,2275,2
368,1833,2
369,1551,2
370,2069,2
371,1713,2
372,1516,2
373,1827,2
374,564,2
375,2636,2
376,2978,2
377,2264,2
378,316,2
379,1136,2
380,1176,2
381,1743,2
382,667,2
383,1973,2
384,1566,2
385,644,2
386,1284,2
387,2745,2
388,2916,2
389,1925,2
390,1356,2
391,2914,2
392,1209,2
393,2373,2
394,355,2
395,38,2
396,449,2
397,501,2
398,292,2
399,1264,2
400,2552,2
401,1216,2
402,2516,2
403,1038,2
404,2596,2
405,3020,2
406,1888,2
407,2553,2
408,2272,2
409,895,2
410,1714,2
411,2054,2
412,2564,2
413,1661,2
414,2038,2
415,2984,2
416,2483,2
417,2334,2
418,1968,2
419,3037,2
420,1807,2
421,66,2
422,575,2
423,1779,2
424,954,2
425,1628,2
426,2611,2
427,1686,2
428,1628,2
429,991,2
430,770,2
431,998,2
432,1920,2
433,547,2
434,133,2
435,2380,2
436,187,2
437,2503,2
438,283,2
439,1290,2
440,401,2
441,2840,2
442,3050,2
443,1801,2
444,2475,2
445,2316,2
446,2271,2
447,740,2
448,1686,2
449,911,2
450,3022,2
451,861,2
452,1699,2
453,2800,2
454,550,2
455,929,2
456,2448,2
457,1019,2
458,1440,2
459,2236,2
460,2327,2
461,2004,2
462,1500,2
463,1049,2
464,122,2
465,2634,2
466,1697,2
467,1556,2
468,2084,2
469,1098,2
470,759,2
471,2506,2
472,2658,2
473,1914,2
474,446,2
475,311,2
476,2689,2
477,890,2
478,2268,2
479,2697,2
480,1151,2
481,2871,2
482,1457,2
483,311,2
484,1193,2
485,1419,2
486,17,2
487,707,2
488,2338,2
489,1298,2
490,848,2
491,2877,2
492,842,2
493,3065,2
494,2765,2
495,537,2
496,1430,2
497,3002,2
498,1590,2
499,21,2
500,308,2
501,606,2
502,1328,2
503,2898,2
504,1622,2
505,1060,2
506,1670,2
507,2605,2
508,1874,2
509,617,2
510,879,2
511,3169,2
512,500,2
513,1035,2
514,493,2
515,1623,2
516,1588,2
517,2956,2
518,403,2
519,2862,2
520,1887,2
521,675,2
522,1570,2
523,2863,2
524,2335,2
525,689,2
526,101,2
527,305,2
528,2524,2
529,2055,2
530,2524,2
531,525,2
532,620,2
533,409,2
534,1924,2
535,169,2
536,2693,2
537,1222,2
538,3192,2
539,2395,2
540,2305,2
541,1105,2
542,3063,2
543,2816,2
544,2539,2
545,1616,2
546,194,2
547,3088,2
548,3081,2
549,1290,2
550,1325,2
551,1750,2
552,2804,2
553,177,2
554,3028,2
555,1572,2
556,2922,2
557,2614,2
558,3114,2
559,1481,2
560,545,2
561,1486,2
562,2370,2
563,1267,2
564,2421,2
565,2254,2
566,487,2
567,2519,2
568,2247,2
569,1059,2
570,2094,2
571,2416,2
572,2319,2
573,255,2
574,1946,2
575,1904,2
576,1288,2
577,1149,2
578,1610,2
579,1998,2
580,207,2
581,1722,2
582,1422,2
583,58,2
584,2526,2
585,1360,2
586,884,2
587,1371,2
588,705,2
589,94,2
590,2627,2
591,2185,2
592,186,2
593,2691,2
594,309,2
595,2025,2
596,2126,2
597,184,2
598,2849,2
599,389,2
600,999,2
601,2617,2
602,1984,2
603,1366,2
604,532,2
605,267,2
606,2855,2
607,1302,2
608,1399,2
609,3151,2
610,2473,2
611,1782,2
612,850,2
613,2628,2
614,1877,2
615,118,2
616,858,2
617,2603,2
618,1153,2
619,2473,2
620,3004,2
621,362,2
622,393,2
623,493,2
624,2763,2
625,686,2
626,582,2
627,2975,2
628,1958,2
629,2929,2
630,2437,2
631,2204,2
632,362,2
633,1163,2
634,3165,2
635,493,2
636,1011,2
637,1057,2
638,2403,2
639,2047,2
640,2330,2
641,2091,2
642,1603,2
643,522,2
644,1828,2
645,3135,2
646,3198,2
647,418,2
648,2322,2
649,2235,2
650,532,2
651,1738,2
652,741,2
653,320,2
654,2456,2
655,1550,2
656,2704,2
657,1634,2
658,2678,2
659,1576,2
660,3018,2
661,227,2
662,1458,2
663,1634,2
664,2710,2
665,1802,2
666,590,2
667,2893,2
668,1819,2
669,1074,2
670,1148,2
671,2486,2
672,1573,2
673,2455,2
674,441,2
675,2644,2
676,1752,2
677,893,2
678,1676,2
679,589,2
680,2048,2
681,2550,2
682,1346,2
683,2262,2
684,2145,2
685,1475,2
686,2763,2
687,737,2
688,684,2
689,2348,2
690,1281,2
691,2654,2
692,488,2
693,532,2
694,102,2
695,826,2
696,2086,2
697,3088,2
698,1106,2
699,2356,2
700,2850,2
701,2479,2
702,1626,2
703,2065,2
704,2800,2
705,649,2
706,299,2
707,1110,2
708,2022,2
709,594,2
710,2151,2
711,1743,2
712,3075,2
713,1862,2
714,152,2
715,2312,2
716,469,2
717,555,2
718,487,2
719,167,2
720,346,2
721,694,2
722,962,2
723,2153,2
724,1557,2
725,357,2
726,3056,2
727,878,2
728,2858,2
729,1621,2
730,2964,2
731,2663,2
732,2175,2
733,2253,2
734,759,2
735,2641,2
736,2419,2
737,2195,2
738,2663,2
739,2727,2
740,1579,2
741,1286,2
742,2403,2
743,1903,2
744,1631,2
745,3104,2
746,737,2
747,3200,2
748,2502,2
749,1589,2
750,1361,2
751,1585,2
752,2170,2
753,2524,2
754,1457,2
755,972,2
756,2605,2
757,1795,2
758,1670,2
759,1638,2
760,120,2
761,2449,2
762,2138,2
763,235,2
764,1403,2
765,2268,2
766,2567,2
767,1008,2
768,1944,2
769,2154,2
770,1051,2
771,566,2
772,3187,2
773,2915,2
774,2100,2
775,282,2
776,2908,2
777,2397,2
778,1405,2
779,32,2
780,1668,2
781,1014,2
782,2605,2
783,580,2
784,1461,2
785,315,2
786,2230,2
787,536,2
788,700,2
789,580,2
790,500,2
791,2965,2
792,2513,2
793,2251,2
794,1319,2
795,2815,2
796,1559,2
797,2280,2
798,1496,2
799,1721,2
800,1972,2
801,636,2
802,2368,2
803,2692,2
804,2256,2
805,485,2
806,448,2
807,1042,2
808,947,2
809,898,2
810,2069,2
811,1586,2
812,759,2
813,679,2
814,1794,2
815,2864,2
816,2369,2
817,1927,2
818,2936,2
819,2549,2
820,625,2
821,666,2
822,2608,2
823,399,2
824,65,2
825,668,2
826,1975,2
827,1457,2
828,60,2
829,1411,2
830,1428,2
831,2488,2
832,2355,2
833,2128,2
834,1107,2
835,675,2
836,608,2
837,3029,2
838,2293,2
839,1222,2
840,663,2
841,2479,2
842,1548,2
843,2530,2
844,1706,2
845,2983,2
846,2038,2
847,994,2
848,1955,2
849,2772,2
850,1215,2
851,1394,2
852,2186,2
853,876,2
854,1088,2
855,1977,2
856,1448,2
857,463,2
858,2090,2
859,2541,2
860,1451,2
861,3011,2
862,1139,2
863,1383,2
864,2381,2
865,2143,2
866,463,2
867,1577,2
868,1733,2
869,2640,2
870,454,2
871,3118,2
872,270,2
873,1152,2
874,2533,2
875,982,2
876,2233,2
877,3116,2
878,2936,2
879,1532,2
880,1913,2
881,2002,2
882,3109,2
883,375,2
884,1813,2
885,168,2
886,922,2
887,3003,2
888,624,2
889,1506,2
890,1345,2
891,49,2
892,2683,2
893,512,2
894,291,2
895,2904,2
896,2569,2
897,1345,2
898,2786,2
899,155,2
900,279,2
901,2446,2
902,173,2
903,2625,2
904,2646,2
905,1990,2
906,1950,2
907,1306,2
908,173,2
909,494,2
910,206,2
911,1509,2
912,1276,2
913,3137,2
914,2008,2
915,2403,2
916,2934,2
917,593,2
918,3137,2
919,222,2
920,2762,2
921,364,2
922,1415,2
923,445,2
924,2288,2
925,3160,2
926,2307,2
927,2947,2
928,2605,2
929,650,2
930,809,2
931,426,2
932,1296,2
933,612,2
934,2100,2
935,781,2
936,2912,2
937,1415,2
938,338,2
939,2169,2
940,256,2
941,1569,2
942,2368,2
943,121,2
944,524,2
945,2874,2
946,166,2
947,598,2
948,2489,2
949,882,2
950,919,2
951,1528,2
952,2659,2
953,659,2
954,1542,2
955,1124,2
956,2202,2
957,741,2
958,2946,2
959,223,2
960,1357,2
961,355,2
962,1488,2
963,1249,2
964,2663,2
965,568,2
966,183,2
967,1670,2
968,1293,2
969,262,2
970,1998,2
971,2424,2
972,3158,2
973,708,2
974,605,2
975,153,2
976,436,2
977,2662,2
978,2241,2
979,1728,2
980,943,2
981,893,2
982,1283,2
983,2077,2
984,727,2
985,1373,2
986,2551,2
987,2476,2
988,326,2
989,2896,2
990,2817,2
991,2571,2
992,712,2
993,1838,2
994,2679,2
995,978,2
996,2291,2
997,1246,2
998,660,2
999,3083,2
1000,1848,2
1,3122,2
2,685,2
3,2055,2
4,685,2
5,1448,2
6,2264,2
7,389,2
8,435,2
9,1660,2
10,3186,2
11,2700,2
12,2642,2
13,63,2
14,2264,2
15,438,2
16,1831,2
17,318,2
18,2346,2
19,2462,2
20,498,2
21,214,2
22,1865,2
23,1987,2
24,2601,2
25,754,2
26,344,2
27,1018,2
28,143,2
29,1619,2
30,67,2
31,2906,2
32,3172,2
33,2922,2
34,892,2
35,2320,2
36,180,2
37,2055,2
38,1948,2
39,805,2
40,2250,2
41,1362,2
42,2806,2
43,608,2
44,1248,2
45,2535,2
46,1189,2
47,3167,2
48,568,2
49,1304,2
50,1454,2
51,545,2
52,2943,2
53,1089,2
54,1639,2
55,1725,2
56,2752,2
57,213,2
58,2672,2
59,1238,2
60,1944,2
61,1944,2
62,292,2
63,1668,2
64,947,2
65,2730,2
66,2945,2
67,924,2
68,3015,2
69,1684,2
70,1939,2
71,316,2
72,2993,2
73,1485,2
74,2690,2
75,926,2
76,3031,2
77,2429,2
78,1724,2
79,1646,2
80,799,2
81,982,2
82,2909,2
83,2167,2
84,2453,2
85,557,2
86,1591,2
87,163,2
88,189,2
89,1736,2
90,2723,2
91,2160,2
92,458,2
93,762,2
94,2030,2
95,1004,2
96,1829,2
97,673,2
98,1953,2
99,3096,2
100,2805,2
101,2163,2
102,1397,2
103,162,2
104,506,2
105,13,2
106,3066,2
107,2320,2
108,2592,2
109,1970,2
110,318,2
111,1146,2
112,59,2
113,465,2
114,3087,2
115,604,2
116,1896,2
117,1214,2
118,2447,2
119,1385,2
120,2958,2
121,658,2
122,1093,2
123,772,2
124,407,2
125,27,2
126,2273,2
127,2597,2
128,422,2
129,2386,2
130,3143,2
131,216,2
132,2708,2
133,413,2
134,2777,2
135,2870,2
136,2442,2
137,2413,2
138,1350,2
139,2132,2
140,228,2
141,2927,2
142,2427,2
143,1108,2
144,427,2
145,1363,2
146,286,2
147,1484,2
148,1998,2
149,2739,2
150,1965,2
151,1921,2
152,2186,2
153,2813,2
154,2730,2
155,252,2
156,1795,2
157,2773,2
158,1565,2
159,37,2
160,532,2
161,2854,2
162,1307,2
163,1683,2
164,3153,2
165,1508,2
166,1270,2
167,1615,2
168,2489,2
169,669,2
170,1159,2
171,2738,2
172,2454,2
173,578,2
174,918,2
175,2214,2
176,1077,2
177,1502,2
178,114,2
179,828,2
180,463,2
181,2589,2
182,3159,2
183,1951,2
184,987,2
185,1054,2
186,2216,2
187,1292,2
188,1498,2
189,2719,2
190,2861,2
191,456,2
192,380,2
193,870,2
194,1115,2
195,840,2
196,3020,2
197,136,2
198,1665,2
199,263,2
200,2152,2
201,2294,2
202,1640,2
203,348,2
204,3091,2
205,696,2
206,1039,2
207,251,2
208,341,2
209,1879,2
210,26,2
211,3008,2
212,3173,2
213,2894,2
214,1790,2
215,2688,2
216,355,2
217,85,2
218,412,2
219,1798,2
220,882,2
221,2185,2
222,1636,2
223,2036,2
224,3199,2
225,1,2
226,30,2
227,2062,2
228,1642,2
229,2681,2
230,271,2
231,530,2
232,1903,2
233,1538,2
234,341,2
235,1310,2
236,3140,2
237,1161,2
238,1841,2
239,2835,2
240,1235,2
241,2388,2
242,2069,2
243,81,2
244,1964,2
245,107,2
246,1457,2
247,3174,2
248,2404,2
249,2256,2
250,310,2
251,2224,2
252,887,2
253,1566,2
254,3005,2
255,1675,2
256,2818,2
257,2771,2
258,6,2
259,860,2
260,1079,2
261,1338,2
262,866,2
263,2474,2
264,2367,2
265,3170,2
266,571,2
267,1539,2
268,1374,2
269,1652,2
270,247,2
271,1032,2
272,2497,2
273,769,2
274,2104,2
275,347,2
276,758,2
277,1456,2
278,2901,2
279,1489,2
280,425,2
281,2527,2
282,1080,2
283,2246,2
284,2340,2
285,1460,2
286,1181,2
287,3070,2
288,451,2
289,1206,2
290,1054,2
291,2215,2
292,2660,2
293,1520,2
294,3097,2
295,3179,2
296,1757,2
297,849,2
298,321,2
299,693,2
300,1061,2
301,1096,2
302,1601,2
303,723,2
304,2861,2
305,2717,2
306,2555,2
307,888,2
308,2382,2
309,1910,2
310,2994,2
311,2143,2
312,1535,2
313,1552,2
314,752,2
315,3064,2
316,833,2
317,2587,2
318,2006,2
319,1086,2
320,339,2
321,1020,2
322,1799,2
323,2672,2
324,2482,2
325,2384,2
326,1610,2
327,2853,2
328,1208,2
329,2837,2
330,1624,2
331,1297,2
332,2686,2
333,1259,2
334,1559,2
335,3044,2
336,1398,2
337,1597,2
338,2244,2
339,103,2
340,3200,2
341,624,2
342,2579,2
343,284,2
344,704,2
345,2321,2
346,2118,2
347,679,2
348,395,2
349,739,2
350,2041,2
351,690,2
352,1592,2
353,1633,2
354,265,2
355,2688,2
356,3128,2
357,2118,2
358,1369,2
359,963,2
360,2823,2
361,371,2
362,1595,2
363,1560,2
364,1400,2
365,552,2
366,1922,2
367,2632,2
368,2301,2
369,1353,2
370,623,2
371,2179,2
372,1693,2
373,1860,2
374,2307,2
375,1312,2
376,190,2
377,1651,2
378,1382,2
379,1300,2
380,2783,2
381,1083,2
382,106,2
383,1137,2
384,2368,2
385,2359,2
386,1525,2
387,1980,2
388,2284,2
389,2778,2
390,3049,2
391,2155,2
392,1487,2
393,542,2
394,1533,2
395,1710,2
396,3117,2
397,2814,2
398,819,2
399,936,2
400,1810,2
401,3081,2
402,1378,2
403,2558,2
404,2485,2
405,997,2
406,2905,2
407,511,2
408,572,2
409,2797,2
410,2124,2
411,2326,2
412,2590,2
413,1402,2
414,1222,2
415,432,2
416,1832,2
417,2832,2
418,2345,2
419,710,2
420,1756,2
421,1476,2
422,285,2
423,2144,2
424,823,2
425,2827,2
426,2758,2
427,2005,2
428,3112,2
429,2667,2
430,2490,2
431,2555,2
432,3131,2
433,2666,2
434,1065,2
435,975,2
436,3183,2
437,161,2
438,230,2
439,1526,2
440,1212,2
441,1961,2
442,1311,2
443,1253,2
444,64,2
445,470,2
446,2544,2
447,1091,2
448,1617,2
449,421,2
450,1410,2
451,691,2
452,2466,2
453,1545,2
454,3055,2
455,2895,2
456,1212,2
457,2353,2
458,472,2
459,2500,2
460,2116,2
461,2174,2
462,224,2
463,1198,2
464,1275,2
465,2685,2
466,2014,2
467,254,2
468,110,2
469,2731,2
470,328,2
471,2402,2
472,175,2
473,1220,2
474,1944,2
475,2511,2
476,2858,2
477,2084,2
478,704,2
479,218,2
480,1262,2
481,28,2
482,1245,2
483,364,2
484,88,2
485,1094,2
486,2450,2
487,2591,2
488,1113,2
489,2181,2
490,1942,2
491,616,2
492,779,2
493,89,2
494,1780,2
495,787,2
496,792,2
497,2622,2
498,1691,2
499,2854,2
500,1305,2
501,804,2
502,1594,2
503,1345,2
504,1850,2
505,3193,2
506,818,2
507,2488,2
508,3198,2
509,1783,2
510,996,2
511,277,2
512,552,2
513,1918,2
514,2055,2
515,893,2
516,1340,2
517,2930,2
518,1853,2
519,2737,2
520,1561,2
521,3018,2
522,295,2
523,2267,2
524,1470,2
525,195,2
526,1703,2
527,539,2
528,468,2
529,262,2
530,1629,2
531,1694,2
532,2695,2
533,1437,2
534,2072,2
535,1769,2
536,960,2
537,1955,2
538,1546,2
539,220,2
540,398,2
541,664,2
542,576,2
543,2083,2
544,745,2
545,1926,2
546,1442,2
547,1755,2
548,1244,2
549,159,2
550,467,2
551,706,2
552,2374,2
553,757,2
554,3085,2
555,401,2
556,1825,2
557,1775,2
558,3040,2
559,967,2
560,1834,2
561,1954,2
562,1141,2
563,2612,2
564,967,2
565,275,2
566,1082,2
567,381,2
568,2586,2
569,1047,2
570,1370,2
571,2748,2
572,1744,2
573,2121,2
574,2957,2
575,749,2
576,1671,2
577,2643,2
578,697,2
579,2423,2
580,698,2
581,1847,2
582,2114,2
583,721,2
584,2689,2
585,3084,2
586,784,2
587,2528,2
588,2278,2
589,2329,2
590,428,2
591,1800,2
592,702,2
593,1272,2
594,1857,2
595,2391,2
596,1981,2
597,2980,2
598,717,2
599,308,2
600,565,2
601,355,2
602,3173,2
603,1135,2
604,2805,2
605,448,2
606,1102,2
607,2191,2
608,1315,2
609,3162,2
610,1659,2
611,3015,2
612,1771,2
613,1370,2
614,1734,2
615,2036,2
616,1768,2
617,3184,2
618,1000,2
619,155,2
620,2240,2
621,2673,2
622,59,2
623,1538,2
624,2099,2
625,1814,2
626,2598,2
627,1042,2
628,309,2
629,1558,2
630,1701,2
631,2284,2
632,717,2
633,2903,2
634,248,2
635,58,2
636,2535,2
637,1812,2
638,2617,2
639,2039,2
640,1858,2
641,2148,2
642,1690,2
643,1313,2
644,3101,2
645,2618,2
646,484,2
647,204,2
648,1732,2
649,631,2
650,688,2
651,505,2
652,416,2
653,1631,2
654,2844,2
655,1031,2
656,1264,2
657,1333,2
658,2289,2
659,1974,2
660,2646,2
661,2297,2
662,533,2
663,1040,2
664,1566,2
665,896,2
666,829,2
667,2365,2
668,55,2
669,1599,2
670,1824,2
671,894,2
672,2613,2
673,1605,2
674,2154,2
675,1711,2
676,2917,2
677,353,2
678,798,2
679,1620,2
680,1352,2
681,2208,2
682,561,2
683,1906,2
684,105,2
685,1563,2
686,1081,2
687,677,2
688,2664,2
689,662,2
690,1587,2
691,1811,2
692,307,2
693,2631,2
694,926,2
695,1327,2
696,51,2
697,2432,2
698,1425,2
699,2593,2
700,1477,2
701,761,2
702,1627,2
703,965,2
704,3103,2
705,1026,2
706,621,2
707,3024,2
708,2079,2
709,1112,2
710,1412,2
711,1815,2
712,703,2
713,1121,2
714,1440,2
715,2013,2
716,3076,2
717,3022,2
718,3197,2
719,1612,2
720,1431,2
721,431,2
722,1164,2
723,1562,2
724,2890,2
725,448,2
726,2765,2
727,1168,2
728,563,2
729,2165,2
730,2789,2
731,2055,2
732,1738,2
733,2203,2
734,135,2
735,246,2
736,117,2
737,961,2
738,2689,2
739,1719,2
740,335,2
741,2682,2
742,1932,2
743,1851,2
744,1720,2
745,785,2
746,2266,2
747,289,2
748,140,2
749,2579,2
750,1670,2
751,738,2
752,1551,2
753,1223,2
754,50,2
755,494,2
756,309,2
757,2974,2
758,2653,2
759,2989,2
760,955,2
761,191,2
762,249,2
763,3171,2
764,149,2
765,2785,2
766,2190,2
767,1668,2
768,191,2
769,1851,2
770,2176,2
771,85,2
772,719,2
773,1075,2
774,2436,2
775,1826,2
776,1614,2
777,2769,2
778,366,2
779,1492,2
780,549,2
781,170,2
782,831,2
783,2407,2
784,1364,2
785,3110,2
786,181,2
787,886,2
788,2677,2
789,689,2
790,2929,2
791,825,2
792,1793,2
793,3138,2
794,1273,2
795,2910,2
796,1990,2
797,3089,2
798,2931,2
799,1995,2
800,1190,2
801,34,2
802,736,2
803,2953,2
804,2721,2
805,868,2
806,1475,2
807,570,2
808,1166,2
809,602,2
810,391,2
811,2784,2
812,1474,2
813,1625,2
814,2609,2
815,478,2
816,1916,2
817,1818,2
818,383,2
819,406,2
820,2133,2
821,2792,2
822,830,2
823,2999,2
824,50,2
825,1670,2
826,1978,2
827,1554,2
828,1496,2
829,466,2
830,1066,2
831,2422,2
832,2602,2
833,2211,2
834,800,2
835,1738,2
836,1188,2
837,2972,2
838,1434,2
839,1261,2
840,1247,2
841,307,2
842,2940,2
843,1571,2
844,1883,2
845,2166,2
846,1404,2
847,905,2
848,1100,2
849,1095,2
850,304,2
851,29,2
852,2577,2
853,2982,2
854,2464,2
855,2300,2
856,1122,2
857,1441,2
858,971,2
859,1777,2
860,3183,2
861,1240,2
862,2746,2
863,2846,2
864,1830,2
865,2012,2
866,777,2
867,86,2
868,1695,2
869,1389,2
870,1125,2
871,3078,2
872,3085,2
873,2647,2
874,2347,2
875,1526,2
876,634,2
877,1121,2
878,312,2
879,2095,2
880,803,2
881,1930,2
882,534,2
883,476,2
884,2243,2
885,581,2
886,400,2
887,783,2
888,3049,2
889,767,2
890,1357,2
891,120,2
892,1147,2
893,244,2
894,1504,2
895,2372,2
896,3069,2
897,1007,2
898,1905,2
899,1709,2
900,245,2
901,722,2
902,108,2
903,2879,2
904,1041,2
905,1070,2
906,3099,2
907,2606,2
908,395,2
909,941,2
910,1895,2
911,2368,2
912,1935,2
913,11,2
914,1365,2
915,1947,2
916,1234,2
917,1126,2
918,2060,2
919,1524,2
920,1167,2
921,2102,2
922,532,2
923,2096,2
924,817,2
925,3177,2
926,2600,2
927,2829,2
928,2062,2
929,705,2
930,1996,2
931,1886,2
932,374,2
933,1657,2
934,448,2
935,482,2
936,1536,2
937,708,2
938,2302,2
939,613,2
940,1387,2
941,2407,2
942,2584,2
943,2037,2
944,78,2
945,2865,2
946,287,2
947,123,2
948,1876,2
949,48,2
950,2401,2
951,2406,2
952,2010,2
953,1798,2
954,313,2
955,2218,2
956,1698,2
957,276,2
958,2068,2
959,909,2
960,3119,2
961,1303,2
962,1835,2
963,2969,2
964,1038,2
965,1731,2
966,3039,2
967,948,2
968,1376,2
969,2405,2
970,2580,2
971,2135,2
972,2015,2
973,2287,2
974,1459,2
975,2868,2
976,391,2
977,2458,2
978,2470,2
979,2071,2
980,2134,2
981,588,2
982,729,2
983,2007,2
984,373,2
985,2491,2
986,1221,2
987,2426,2
988,2281,2
989,2032,2
990,1945,2
991,1919,2
992,440,2
993,386,2
994,1442,2
995,2507,2
996,397,2
997,439,2
998,720,2
999,3111,2
1000,1027,2